{"name":"bpc3-covariate","isNcc":true,"nSubjects":5285,"cases":[{"id":"clinical-3pct","cutoffs":[0.03],"nBins":2,"edges":[0.0070420211824138565,0.03,0.1531511627504299],"n":[1951,3334],"weight":[24906.436751396453,25576.33401220053],"observed":[0.022696198506013204,0.04692597019333502],"predicted":[0.021069188036135424,0.045169011161606154],"variance":[0.0000016521801526439596,0.000003153808674609398],"eo":[0.9283135248642316,0.9625589194109319],"chiSquare":2.5810106277840967,"df":2,"pValue":0.2751317200771771},{"id":"boundary-exact","cutoffs":[0.035188290552385273],"nBins":2,"edges":[0.0070420211824138565,0.035188290552385273,0.1531511627504299],"n":[2643,2642],"weight":[31398.545709169113,19084.22505442787],"observed":[0.023926134406341604,0.0531449347513275],"predicted":[0.023427750640663263,0.049486883205788625],"variance":[0.0000013845808592969737,0.000004732777567417259],"eo":[0.9791699002766512,0.9311683876806811],"chiSquare":3.006770508731678,"df":2,"pValue":0.22237608488805904}]}