{"name":"icare-lit-ge50","isNcc":false,"nSubjects":5000,"cases":[{"id":"clinical-3pct","cutoffs":[0.03],"nBins":2,"edges":[0.0053833319671524535,0.03,0.20068663067329742],"n":[2243,2757],"weight":[2243,2757],"observed":[0.020954079358002677,0.049328980776206025],"predicted":[0.020669493583644966,0.05138673376782636],"variance":[0.00000914623536168578,0.000017009659931732578],"eo":[0.986418598045014,1.0417148896904211],"chiSquare":0.2577927100174242,"df":2,"pValue":0.8790650715158417},{"id":"boundary-exact","cutoffs":[0.03257121972955655],"nBins":2,"edges":[0.0053833319671524535,0.03257121972955655,0.20068663067329742],"n":[2501,2499],"weight":[2501,2499],"observed":[0.021191523390643743,0.05202080832332933],"predicted":[0.02176535724374861,0.053461280768066284],"variance":[0.000008293659626960233,0.000019733751030298823],"eo":[1.0270784616342505,1.027690312610751],"chiSquare":0.14485107406884265,"df":2,"pValue":0.9301350046925052}]}